query_set,strategy,cache_mode,token_threshold,query_index,query_text,expected_device,device_used,cache_hit,routing_method,routing_confidence,routing_reasoning,routing_overhead_ms,start_time,end_time,latency_ms,response_tokens,energy_mJ,latency_per_token_ms,energy_per_token_mJ
general_knowledge,token,off,100,0,List the top five most significant scientific discoveries in the last 50 years and explain their impact.,,nano,False,token,0.78,tokens=22 threshold=100,83.27,2026-02-07 11:01:27.501924,2026-02-07 11:02:23.721941,56220,70,264288.631,803.1428571428571,3775.5518683571427
general_knowledge,token,off,100,1,Explain very simply what happened during the Industrial Revolution.,,nano,False,token,0.06,tokens=106 threshold=100,84.23,2026-02-07 11:02:23.721979,2026-02-07 11:03:52.876574,89154,78,432274.612,1143.0,5541.982203628204
general_knowledge,token,off,100,2,Briefly explain what artificial intelligence is.,,nano,False,token,0.86,tokens=186 threshold=100,270.74,2026-02-07 11:03:52.876603,2026-02-07 11:05:23.470669,90594,72,436124.929,1258.25,6057.290683444442
general_knowledge,token,off,100,3,List 3 differences between Newtonian mechanics and general relativity.,,nano,False,token,1.0,tokens=271 threshold=100,155.82,2026-02-07 11:05:23.471020,2026-02-07 11:06:59.121063,95650,77,465171.795,1242.2077922077922,6041.192142727273
general_knowledge,token,off,100,4,Explain the Big Bang theory in simple terms.,,nano,False,token,1.0,tokens=353 threshold=100,132.4,2026-02-07 11:06:59.121159,2026-02-07 11:08:36.527407,97406,77,470565.294,1265.012987012987,6111.237590103896
general_knowledge,token,off,100,5,Now go into more detail covering the formation of galaxies.,,nano,False,token,1.0,tokens=435 threshold=100,197.33,2026-02-07 11:08:36.527453,2026-02-07 11:10:17.496766,100969,80,488598.058,1262.1125,6107.475719149999
general_knowledge,token,off,100,6,Generate a mock debate transcript for a scientist arguing against AI regulation.,,orin,False,token,1.0,tokens=525 threshold=100,306.15,2026-02-07 11:10:17.496827,2026-02-07 11:13:17.816422,180319,37,958194.825,4873.486486486487,25897.157445540543
general_knowledge,token,off,100,7,Expand on the AI regulation debate by adding a POV for AI regulation.,,orin,False,token,1.0,tokens=573 threshold=100,89.18,2026-02-07 11:13:17.816463,2026-02-07 11:16:18.023555,180207,37,963780.565,4870.459459459459,26048.123379891877
general_knowledge,token,off,100,8,Summarize everything we've discussed so far in one comprehensive report.,,orin,False,token,1.0,tokens=619 threshold=100,194.27,2026-02-07 11:16:18.023635,2026-02-07 11:19:18.237621,180213,37,1053396.049,4870.621621621622,28470.163476378366
general_knowledge,token,off,100,9,"Using all the context above, predict the future of AI in the next 50 years.",,orin,False,token,1.0,tokens=668 threshold=100,373.21,2026-02-07 11:19:18.237761,2026-02-07 11:22:18.625977,180388,37,954371.945,4875.351351351352,25793.836350432444
general_knowledge,token,off,500,0,List the top five most significant scientific discoveries in the last 50 years and explain their impact.,,nano,False,token,0.956,tokens=22 threshold=500,108.75,2026-02-07 11:26:34.654533,2026-02-07 11:27:34.108909,59454,71,287510.788,837.3802816901408,4049.4477142957753
general_knowledge,token,off,500,1,Explain very simply what happened during the Industrial Revolution.,,nano,False,token,0.788,tokens=106 threshold=500,101.09,2026-02-07 11:27:34.108982,2026-02-07 11:29:08.304209,94195,72,462412.118,1308.263888888889,6422.390533972219
general_knowledge,token,off,500,2,Briefly explain what artificial intelligence is.,,nano,False,token,0.628,tokens=186 threshold=500,54.55,2026-02-07 11:29:08.304248,2026-02-07 11:30:42.547862,94243,70,466624.55,1346.3285714285714,6666.065006871431
general_knowledge,token,off,500,3,List 3 differences between Newtonian mechanics and general relativity.,,nano,False,token,0.458,tokens=271 threshold=500,62.73,2026-02-07 11:30:42.547892,2026-02-07 11:32:21.957904,99410,77,485340.561,1291.0389610389611,6303.1241736753245
general_knowledge,token,off,500,4,Explain the Big Bang theory in simple terms.,,nano,False,token,0.298,tokens=351 threshold=500,48.8,2026-02-07 11:32:21.957925,2026-02-07 11:34:00.896513,98938,76,484927.397,1301.8157894736842,6380.623646842107
general_knowledge,token,off,500,5,Now go into more detail covering the formation of galaxies.,,nano,False,token,0.134,tokens=433 threshold=500,99.51,2026-02-07 11:34:00.896537,2026-02-07 11:35:43.443086,102546,83,498588.884,1235.4939759036145,6007.094985361446
general_knowledge,token,off,500,6,Generate a mock debate transcript for a scientist arguing against AI regulation.,,orin,False,token,0.046,tokens=523 threshold=500,62.37,2026-02-07 11:35:43.443169,2026-02-07 11:38:43.515045,180071,37,966637.957,4866.783783783784,26125.35018924325
general_knowledge,token,off,500,7,Expand on the AI regulation debate by adding a POV for AI regulation.,,orin,False,token,0.142,tokens=571 threshold=500,54.38,2026-02-07 11:38:43.515063,2026-02-07 11:41:43.580564,180065,37,958691.189,4866.621621621622,25910.57266821622
general_knowledge,token,off,500,8,Summarize everything we've discussed so far in one comprehensive report.,,orin,False,token,0.234,tokens=617 threshold=500,115.99,2026-02-07 11:41:43.580606,2026-02-07 11:44:43.706293,180125,37,957259.672,4868.243243243243,25871.883038864868
general_knowledge,token,off,500,9,"Using all the context above, predict the future of AI in the next 50 years.",,orin,False,token,0.332,tokens=666 threshold=500,78.18,2026-02-07 11:44:43.706326,2026-02-07 11:47:43.794785,180088,37,952698.084,4867.243243243243,25748.596852810802
general_knowledge,token,off,1000,0,List the top five most significant scientific discoveries in the last 50 years and explain their impact.,,nano,False,token,0.978,tokens=22 threshold=1000,37.34,2026-02-07 11:51:58.855230,2026-02-07 11:52:59.010473,60155,74,289277.292,812.9054054054054,3909.152596716215
general_knowledge,token,off,1000,1,Explain very simply what happened during the Industrial Revolution.,,nano,False,token,0.896,tokens=104 threshold=1000,43.24,2026-02-07 11:52:59.010531,2026-02-07 11:54:32.758216,93747,74,456195.068,1266.8513513513512,6164.7982170000005
general_knowledge,token,off,1000,2,Briefly explain what artificial intelligence is.,,nano,False,token,0.816,tokens=184 threshold=1000,84.51,2026-02-07 11:54:32.758241,2026-02-07 11:56:08.268789,95510,75,468446.755,1273.4666666666667,6245.956732813331
general_knowledge,token,off,1000,3,List 3 differences between Newtonian mechanics and general relativity.,,nano,False,token,0.731,tokens=269 threshold=1000,112.6,2026-02-07 11:56:08.268830,2026-02-07 11:57:48.965121,100696,73,484840.562,1379.3972602739725,6641.651527630139
general_knowledge,token,off,1000,4,Explain the Big Bang theory in simple terms.,,nano,False,token,0.651,tokens=349 threshold=1000,205.34,2026-02-07 11:57:48.965189,2026-02-07 11:59:29.276669,100311,75,492009.508,1337.48,6560.126771986667
general_knowledge,token,off,1000,5,Now go into more detail covering the formation of galaxies.,,nano,False,token,0.569,tokens=431 threshold=1000,136.08,2026-02-07 11:59:29.276691,2026-02-07 12:01:17.170868,107894,73,539198.001,1478.0,7386.273991493148
general_knowledge,token,off,1000,6,Generate a mock debate transcript for a scientist arguing against AI regulation.,,nano,False,token,0.48,tokens=520 threshold=1000,195.55,2026-02-07 12:01:17.170929,2026-02-07 12:04:17.382266,180211,31,934222.337,5813.258064516129,30136.204425806474
general_knowledge,token,off,1000,7,Expand on the AI regulation debate by adding a POV for AI regulation.,,nano,False,token,0.439,tokens=561 threshold=1000,99.05,2026-02-07 12:04:17.382335,2026-02-07 12:07:17.487852,180105,31,935913.935,5809.8387096774195,30190.77208296774
general_knowledge,token,off,1000,8,Summarize everything we've discussed so far in one comprehensive report.,,nano,False,token,0.4,tokens=600 threshold=1000,98.91,2026-02-07 12:07:17.487871,2026-02-07 12:10:17.592827,180104,31,936066.756,5809.806451612903,30195.701807064488
general_knowledge,token,off,1000,9,"Using all the context above, predict the future of AI in the next 50 years.",,nano,False,token,0.358,tokens=642 threshold=1000,45.15,2026-02-07 12:10:17.592843,2026-02-07 12:13:17.644029,180051,31,936094.304,5808.096774193548,30196.590439580625
general_knowledge,token,off,2000,0,List the top five most significant scientific discoveries in the last 50 years and explain their impact.,,nano,False,token,0.989,tokens=22 threshold=2000,44.5,2026-02-07 12:17:37.087931,2026-02-07 12:18:41.433843,64345,72,330561.591,893.6805555555555,4591.133206819446
general_knowledge,token,off,2000,1,Explain very simply what happened during the Industrial Revolution.,,nano,False,token,0.948,tokens=104 threshold=2000,49.67,2026-02-07 12:18:41.433894,2026-02-07 12:20:20.713869,99279,77,507797.841,1289.3376623376623,6594.777152428573
general_knowledge,token,off,2000,2,Briefly explain what artificial intelligence is.,,nano,False,token,0.9085,tokens=183 threshold=2000,126.12,2026-02-07 12:20:20.713889,2026-02-07 12:22:00.824844,100110,75,512222.456,1334.8,6829.632743706664
general_knowledge,token,off,2000,3,List 3 differences between Newtonian mechanics and general relativity.,,nano,False,token,0.8665,tokens=267 threshold=2000,116.84,2026-02-07 12:22:00.824868,2026-02-07 12:23:46.161997,105337,78,537093.343,1350.474358974359,6885.812092025639
general_knowledge,token,off,2000,4,Explain the Big Bang theory in simple terms.,,nano,False,token,0.8265,tokens=347 threshold=2000,121.35,2026-02-07 12:23:46.162023,2026-02-07 12:25:31.778425,105616,79,538456.071,1336.9113924050632,6815.899638101267
general_knowledge,token,off,2000,5,Now go into more detail covering the formation of galaxies.,,nano,False,token,0.7855,tokens=429 threshold=2000,50.82,2026-02-07 12:25:31.778458,2026-02-07 12:27:20.727533,108949,67,556657.351,1626.1044776119404,8308.31867202985
general_knowledge,token,off,2000,6,Generate a mock debate transcript for a scientist arguing against AI regulation.,,nano,False,token,0.741,tokens=518 threshold=2000,218.75,2026-02-07 12:27:20.727621,2026-02-07 12:30:21.022711,180295,31,936597.684,5815.967741935484,30212.82851051613
general_knowledge,token,off,2000,7,Expand on the AI regulation debate by adding a POV for AI regulation.,,nano,False,token,0.7205,tokens=559 threshold=2000,297.19,2026-02-07 12:30:21.022813,2026-02-07 12:33:21.332347,180309,31,942240.467,5816.419354838709,30394.853770774218
general_knowledge,token,off,2000,8,Summarize everything we've discussed so far in one comprehensive report.,,nano,False,token,0.701,tokens=598 threshold=2000,182.88,2026-02-07 12:33:21.332447,2026-02-07 12:36:21.632034,180299,31,937233.7,5816.096774193548,30233.345149838715
general_knowledge,token,off,2000,9,"Using all the context above, predict the future of AI in the next 50 years.",,nano,False,token,0.68,tokens=640 threshold=2000,138.72,2026-02-07 12:36:21.632056,2026-02-07 12:39:21.780884,180148,31,936696.958,5811.225806451613,30216.030887225803
general_knowledge,token,off,4000,0,List the top five most significant scientific discoveries in the last 50 years and explain their impact.,,nano,False,token,0.9945,tokens=22 threshold=4000,60.43,2026-02-07 12:43:40.075285,2026-02-07 12:44:44.116753,64041,72,325403.328,889.4583333333334,4519.490673444444
general_knowledge,token,off,4000,1,Explain very simply what happened during the Industrial Revolution.,,nano,False,token,0.974,tokens=104 threshold=4000,49.93,2026-02-07 12:44:44.116795,2026-02-07 12:46:23.481549,99364,77,509432.506,1290.4415584415585,6616.006570597401
general_knowledge,token,off,4000,2,Briefly explain what artificial intelligence is.,,nano,False,token,0.9543,tokens=183 threshold=4000,101.57,2026-02-07 12:46:23.481587,2026-02-07 12:48:03.632763,100151,75,514941.58,1335.3466666666666,6865.887731160002
general_knowledge,token,off,4000,3,List 3 differences between Newtonian mechanics and general relativity.,,nano,False,token,0.9333,tokens=267 threshold=4000,50.95,2026-02-07 12:48:03.632802,2026-02-07 12:49:49.046739,105413,78,538746.67,1351.448717948718,6907.00858801282
general_knowledge,token,off,4000,4,Explain the Big Bang theory in simple terms.,,nano,False,token,0.9133,tokens=347 threshold=4000,161.98,2026-02-07 12:49:49.046807,2026-02-07 12:51:34.431654,105384,79,539161.337,1333.9746835443038,6824.827055278483
general_knowledge,token,off,4000,5,Now go into more detail covering the formation of galaxies.,,nano,False,token,0.8928,tokens=429 threshold=4000,160.34,2026-02-07 12:51:34.431674,2026-02-07 12:53:23.353266,108921,67,557189.728,1625.686567164179,8316.264597014928
general_knowledge,token,off,4000,6,Generate a mock debate transcript for a scientist arguing against AI regulation.,,nano,False,token,0.8705,tokens=518 threshold=4000,248.4,2026-02-07 12:53:23.353304,2026-02-07 12:56:23.614165,180260,31,934545.361,5814.8387096774195,30146.624547419357
general_knowledge,token,off,4000,7,Expand on the AI regulation debate by adding a POV for AI regulation.,,nano,False,token,0.8602,tokens=559 threshold=4000,240.56,2026-02-07 12:56:23.614198,2026-02-07 12:59:23.863691,180249,31,936996.726,5814.4838709677415,30225.70084916127
general_knowledge,token,off,4000,8,Summarize everything we've discussed so far in one comprehensive report.,,nano,False,token,0.8505,tokens=598 threshold=4000,195.46,2026-02-07 12:59:23.863727,2026-02-07 13:02:24.069510,180205,31,937094.601,5813.064516129032,30228.85810432258
general_knowledge,token,off,4000,9,"Using all the context above, predict the future of AI in the next 50 years.",,nano,False,token,0.84,tokens=640 threshold=4000,275.29,2026-02-07 13:02:24.069561,2026-02-07 13:05:24.356764,180287,31,938118.573,5815.709677419355,30261.889455290315
general_knowledge,token,on,100,0,List the top five most significant scientific discoveries in the last 50 years and explain their impact.,,nano,False,token,0.78,tokens=22 threshold=100,39.47,2026-02-07 13:09:42.568695,2026-02-07 13:10:46.404496,63835,72,327331.352,886.5972222222222,4546.268773680556
general_knowledge,token,on,100,1,Explain very simply what happened during the Industrial Revolution.,,nano,False,token,0.04,tokens=104 threshold=100,220.69,2026-02-07 13:10:46.404518,2026-02-07 13:12:25.947341,99542,77,512952.096,1292.7532467532467,6661.715526974025
general_knowledge,token,on,100,2,Briefly explain what artificial intelligence is.,,nano,False,token,0.83,tokens=183 threshold=100,55.87,2026-02-07 13:12:25.947361,2026-02-07 13:14:05.927847,99980,75,508693.881,1333.0666666666666,6782.585083426662
general_knowledge,token,on,100,3,List 3 differences between Newtonian mechanics and general relativity.,,nano,False,token,1.0,tokens=267 threshold=100,58.92,2026-02-07 13:14:05.927892,2026-02-07 13:15:51.270043,105342,78,545126.076,1350.5384615384614,6988.795852217949
general_knowledge,token,on,100,4,Explain the Big Bang theory in simple terms.,,nano,False,token,1.0,tokens=347 threshold=100,204.28,2026-02-07 13:15:51.270096,2026-02-07 13:17:37.028721,105758,79,537670.516,1338.7088607594937,6805.955895632909
general_knowledge,token,on,100,5,Now go into more detail covering the formation of galaxies.,,nano,False,token,1.0,tokens=429 threshold=100,40.36,2026-02-07 13:17:37.028790,2026-02-07 13:19:25.884667,108855,67,557505.599,1624.7014925373135,8320.979095865669
general_knowledge,token,on,100,6,Generate a mock debate transcript for a scientist arguing against AI regulation.,,orin,False,token,1.0,tokens=518 threshold=100,68.36,2026-02-07 13:19:25.884708,2026-02-07 13:22:25.993418,180108,37,963323.36,4867.783783783784,26035.766476567558
general_knowledge,token,on,100,7,Expand on the AI regulation debate by adding a POV for AI regulation.,,orin,False,token,1.0,tokens=566 threshold=100,141.27,2026-02-07 13:22:25.993496,2026-02-07 13:25:26.145690,180152,37,960005.313,4868.972972972973,25946.089540027027
general_knowledge,token,on,100,8,Summarize everything we've discussed so far in one comprehensive report.,,orin,False,token,1.0,tokens=612 threshold=100,215.4,2026-02-07 13:25:26.145715,2026-02-07 13:28:26.373196,180227,37,957649.153,4871.0,25882.40954018919
general_knowledge,token,on,100,9,"Using all the context above, predict the future of AI in the next 50 years.",,orin,False,token,1.0,tokens=661 threshold=100,152.83,2026-02-07 13:28:26.373250,2026-02-07 13:31:26.642910,180269,37,961834.419,4872.135135135135,25995.52484708107
general_knowledge,token,on,500,0,List the top five most significant scientific discoveries in the last 50 years and explain their impact.,,nano,False,token,0.956,tokens=22 threshold=500,126.36,2026-02-07 13:35:45.452468,2026-02-07 13:36:03.562015,18109,20,88982.555,905.45,4449.127759
general_knowledge,token,on,500,1,Explain very simply what happened during the Industrial Revolution.,,nano,False,token,0.914,tokens=43 threshold=500,46.86,2026-02-07 13:36:03.562092,2026-02-07 13:37:07.993925,64431,74,332606.944,870.6891891891892,4494.68843718919
general_knowledge,token,on,500,2,Briefly explain what artificial intelligence is.,,nano,False,token,0.754,tokens=123 threshold=500,201.36,2026-02-07 13:37:07.993989,2026-02-07 13:38:47.003434,99009,71,507758.321,1394.4929577464789,7151.525643464791
general_knowledge,token,on,500,3,List 3 differences between Newtonian mechanics and general relativity.,,nano,False,token,0.586,tokens=207 threshold=500,238.58,2026-02-07 13:38:47.003488,2026-02-07 13:40:30.560541,103557,75,527659.928,1380.76,7035.465703320002
general_knowledge,token,on,500,4,Explain the Big Bang theory in simple terms.,,nano,False,token,0.426,tokens=287 threshold=500,145.51,2026-02-07 13:40:30.560609,2026-02-07 13:42:14.150938,103590,75,528933.032,1381.2,7052.440433106664
general_knowledge,token,on,500,5,Now go into more detail covering the formation of galaxies.,,nano,False,token,0.262,tokens=369 threshold=500,92.23,2026-02-07 13:42:14.150958,2026-02-07 13:44:01.143976,106993,72,548334.112,1486.013888888889,7615.751552388889
general_knowledge,token,on,500,6,Generate a mock debate transcript for a scientist arguing against AI regulation.,,nano,False,token,0.084,tokens=458 threshold=500,102.37,2026-02-07 13:44:01.144017,2026-02-07 13:45:53.741485,112597,70,580528.449,1608.5285714285715,8293.263552514283
general_knowledge,token,on,500,7,Expand on the AI regulation debate by adding a POV for AI regulation.,,orin,False,token,0.092,tokens=546 threshold=500,212.57,2026-02-07 13:45:53.741508,2026-02-07 13:48:53.963399,180221,37,959148.853,4870.8378378378375,25922.941980297306
general_knowledge,token,on,500,8,Summarize everything we've discussed so far in one comprehensive report.,,orin,False,token,0.184,tokens=592 threshold=500,61.68,2026-02-07 13:48:53.963473,2026-02-07 13:51:54.035351,180071,37,959676.794,4866.783783783784,25937.210646405416
general_knowledge,token,on,500,9,"Using all the context above, predict the future of AI in the next 50 years.",,orin,False,token,0.282,tokens=641 threshold=500,67.16,2026-02-07 13:51:54.035399,2026-02-07 13:54:54.224793,180189,37,960859.258,4869.972972972973,25969.16913024324
general_knowledge,token,on,1000,0,List the top five most significant scientific discoveries in the last 50 years and explain their impact.,,nano,False,token,0.978,tokens=22 threshold=1000,69.48,2026-02-07 13:59:05.114426,2026-02-07 14:00:08.351916,63237,70,319923.307,903.3857142857142,4570.332955242859
general_knowledge,token,on,1000,1,Explain very simply what happened during the Industrial Revolution.,,nano,False,token,0.896,tokens=104 threshold=1000,97.66,2026-02-07 14:00:08.351965,2026-02-07 14:01:46.618282,98266,70,504826.501,1403.8,7211.807160557141
general_knowledge,token,on,1000,2,Briefly explain what artificial intelligence is.,,nano,False,token,0.817,tokens=183 threshold=1000,62.59,2026-02-07 14:01:46.618312,2026-02-07 14:03:26.086953,99468,70,505612.759,1420.9714285714285,7223.039411185713
general_knowledge,token,on,1000,3,List 3 differences between Newtonian mechanics and general relativity.,,nano,False,token,0.732,tokens=268 threshold=1000,57.38,2026-02-07 14:03:26.086973,2026-02-07 14:05:11.801891,105714,67,541223.935,1577.8208955223881,8077.969177686566
general_knowledge,token,on,1000,4,Explain the Big Bang theory in simple terms.,,nano,False,token,0.652,tokens=348 threshold=1000,122.43,2026-02-07 14:05:11.801921,2026-02-07 14:06:57.377603,105575,69,535687.513,1530.072463768116,7763.587143942029
general_knowledge,token,on,1000,5,Now go into more detail covering the formation of galaxies.,,nano,False,token,0.571,tokens=429 threshold=1000,83.49,2026-02-07 14:06:57.377648,2026-02-07 14:08:45.854782,108477,69,550142.733,1572.1304347826087,7973.083079884058
general_knowledge,token,on,1000,6,Generate a mock debate transcript for a scientist arguing against AI regulation.,,nano,False,token,0.481,tokens=519 threshold=1000,42.68,2026-02-07 14:08:45.854817,2026-02-07 14:11:45.910326,180055,31,930431.181,5808.225806451613,30013.90907070966
general_knowledge,token,on,1000,7,Expand on the AI regulation debate by adding a POV for AI regulation.,,nano,False,token,0.44,tokens=560 threshold=1000,217.44,2026-02-07 14:11:45.910380,2026-02-07 14:14:46.247411,180337,31,930694.229,5817.322580645161,30022.394487580645
general_knowledge,token,on,1000,8,Summarize everything we've discussed so far in one comprehensive report.,,nano,False,token,0.401,tokens=599 threshold=1000,168.74,2026-02-07 14:14:46.247455,2026-02-07 14:17:46.425176,180177,31,931702.162,5812.1612903225805,30054.908435903228
general_knowledge,token,on,1000,9,"Using all the context above, predict the future of AI in the next 50 years.",,nano,False,token,0.359,tokens=641 threshold=1000,179.34,2026-02-07 14:17:46.425190,2026-02-07 14:20:46.593664,180168,31,931703.152,5811.870967741936,30054.940392354834
general_knowledge,token,on,2000,0,List the top five most significant scientific discoveries in the last 50 years and explain their impact.,,nano,False,token,0.989,tokens=22 threshold=2000,59.53,2026-02-07 14:25:06.810746,2026-02-07 14:26:11.515185,64704,70,331528.374,924.3428571428572,4736.1196230285705
general_knowledge,token,on,2000,1,Explain very simply what happened during the Industrial Revolution.,,nano,False,token,0.9495,tokens=101 threshold=2000,54.11,2026-02-07 14:26:11.515222,2026-02-07 14:27:50.119585,98604,68,501955.366,1450.0588235294117,7381.696555411764
general_knowledge,token,on,2000,2,Briefly explain what artificial intelligence is.,,nano,False,token,0.9105,tokens=179 threshold=2000,72.68,2026-02-07 14:27:50.119605,2026-02-07 14:29:30.495100,100375,73,516636.705,1375.0,7077.215133739726
general_knowledge,token,on,2000,3,List 3 differences between Newtonian mechanics and general relativity.,,nano,False,token,0.8685,tokens=263 threshold=2000,138.01,2026-02-07 14:29:30.495129,2026-02-07 14:31:16.779502,106284,70,540547.593,1518.3428571428572,7722.108477285718
general_knowledge,token,on,2000,4,Explain the Big Bang theory in simple terms.,,nano,False,token,0.83,tokens=340 threshold=2000,113.8,2026-02-07 14:31:16.779534,2026-02-07 14:33:01.618481,104838,70,534600.547,1497.6857142857143,7637.150672885716
general_knowledge,token,on,2000,5,Now go into more detail covering the formation of galaxies.,,nano,False,token,0.791,tokens=418 threshold=2000,44.43,2026-02-07 14:33:01.618514,2026-02-07 14:34:20.781662,79163,42,402154.716,1884.8333333333333,9575.11228933333
general_knowledge,token,on,2000,6,Generate a mock debate transcript for a scientist arguing against AI regulation.,,nano,False,token,0.763,tokens=474 threshold=2000,53.42,2026-02-07 14:34:20.781688,2026-02-07 14:35:54.469897,93688,70,471800.708,1338.4,6740.010114599998
general_knowledge,token,on,2000,7,Expand on the AI regulation debate by adding a POV for AI regulation.,,nano,False,token,0.7185,tokens=563 threshold=2000,135.21,2026-02-07 14:35:54.469912,2026-02-07 14:38:54.616283,180146,31,932560.759,5811.1612903225805,30082.60511609678
general_knowledge,token,on,2000,8,Summarize everything we've discussed so far in one comprehensive report.,,nano,False,token,0.699,tokens=602 threshold=2000,175.19,2026-02-07 14:38:54.616312,2026-02-07 14:41:54.823814,180207,31,931628.515,5813.129032258064,30052.532756419365
general_knowledge,token,on,2000,9,"Using all the context above, predict the future of AI in the next 50 years.",,nano,False,token,0.678,tokens=644 threshold=2000,230.98,2026-02-07 14:41:54.823861,2026-02-07 14:44:55.065335,180241,31,931269.96,5814.225806451613,30040.966461870976
general_knowledge,token,on,4000,0,List the top five most significant scientific discoveries in the last 50 years and explain their impact.,,nano,False,token,0.9945,tokens=22 threshold=4000,67.42,2026-02-07 14:49:13.652404,2026-02-07 14:50:16.689876,63037,69,320216.949,913.5797101449275,4640.8253457246365
general_knowledge,token,on,4000,1,Explain very simply what happened during the Industrial Revolution.,,nano,False,token,0.9745,tokens=102 threshold=4000,234.86,2026-02-07 14:50:16.689934,2026-02-07 14:51:54.237052,97547,67,501150.629,1455.9253731343283,7479.860141223883
general_knowledge,token,on,4000,2,Briefly explain what artificial intelligence is.,,nano,False,token,0.9547,tokens=181 threshold=4000,226.85,2026-02-07 14:51:54.237108,2026-02-07 14:53:34.124160,99887,68,504393.917,1468.9264705882354,7417.557607926472
general_knowledge,token,on,4000,3,List 3 differences between Newtonian mechanics and general relativity.,,nano,False,token,0.9337,tokens=265 threshold=4000,141.62,2026-02-07 14:53:34.124217,2026-02-07 14:55:19.636912,105512,68,539239.575,1551.6470588235295,7929.993755514704
general_knowledge,token,on,4000,4,Explain the Big Bang theory in simple terms.,,nano,False,token,0.9143,tokens=343 threshold=4000,53.12,2026-02-07 14:55:19.636936,2026-02-07 14:57:04.026312,104389,70,530350.848,1491.2714285714285,7576.4406877285755
general_knowledge,token,on,4000,5,Now go into more detail covering the formation of galaxies.,,nano,False,token,0.8945,tokens=422 threshold=4000,70.22,2026-02-07 14:57:04.026339,2026-02-07 14:58:51.526156,107499,67,544998.207,1604.4626865671642,8134.301593373132
general_knowledge,token,on,4000,6,Generate a mock debate transcript for a scientist arguing against AI regulation.,,nano,False,token,0.8722,tokens=511 threshold=4000,193.75,2026-02-07 14:58:51.526198,2026-02-07 15:01:51.719832,180193,31,928735.465,5812.677419354839,29959.20853512902
general_knowledge,token,on,4000,7,Expand on the AI regulation debate by adding a POV for AI regulation.,,nano,False,token,0.862,tokens=552 threshold=4000,260.49,2026-02-07 15:01:51.719926,2026-02-07 15:04:51.983045,180263,31,930828.037,5814.935483870968,30026.710876483892
general_knowledge,token,on,4000,8,Summarize everything we've discussed so far in one comprehensive report.,,nano,False,token,0.8522,tokens=591 threshold=4000,128.63,2026-02-07 15:04:51.983060,2026-02-07 15:07:52.124082,180141,31,930893.099,5811.0,30028.809633193556
general_knowledge,token,on,4000,9,"Using all the context above, predict the future of AI in the next 50 years.",,nano,False,token,0.8417,tokens=633 threshold=4000,134.17,2026-02-07 15:07:52.124142,2026-02-07 15:10:52.280835,180156,31,930446.208,5811.4838709677415,30014.39381658064
general_knowledge,heuristic,off,1000,0,List the top five most significant scientific discoveries in the last 50 years and explain their impact.,,nano,False,heuristic_fallback,0.489,no heuristic match -> tokens=22 threshold=1000,88.97,2026-02-07 15:15:12.599345,2026-02-07 15:16:17.340885,64741,69,330860.5,938.2753623188406,4795.079711449274
general_knowledge,heuristic,off,1000,1,Explain very simply what happened during the Industrial Revolution.,,nano,False,heuristic_fallback,0.449,no heuristic match -> tokens=102 threshold=1000,114.34,2026-02-07 15:16:17.340918,2026-02-07 15:17:56.973004,99632,67,510120.74,1487.044776119403,7613.742388910449
general_knowledge,heuristic,off,1000,2,Briefly explain what artificial intelligence is.,,nano,False,heuristic_fallback,0.4095,no heuristic match -> tokens=181 threshold=1000,54.04,2026-02-07 15:17:56.973022,2026-02-07 15:19:38.225937,101252,68,516386.334,1489.0,7593.916682264704
general_knowledge,heuristic,off,1000,3,List 3 differences between Newtonian mechanics and general relativity.,,nano,False,heuristic,0.75,large context chars=813,175.85,2026-02-07 15:19:38.225981,2026-02-07 15:21:25.413643,107187,68,544470.082,1576.2794117647059,8006.912969838238
general_knowledge,heuristic,off,1000,4,Explain the Big Bang theory in simple terms.,,nano,False,heuristic,0.75,large context chars=1057,225.23,2026-02-07 15:21:25.413685,2026-02-07 15:23:10.930457,105516,70,533964.525,1507.3714285714286,7628.064645328571
general_knowledge,heuristic,off,1000,5,Now go into more detail covering the formation of galaxies.,,nano,False,heuristic,0.75,large context chars=1277,60.33,2026-02-07 15:23:10.930548,2026-02-07 15:24:59.093473,108162,67,550118.416,1614.358208955224,8210.722633432837
general_knowledge,heuristic,off,1000,6,Generate a mock debate transcript for a scientist arguing against AI regulation.,,orin,False,heuristic,0.92,complex pattern=long_form_generation,110.5,2026-02-07 15:24:59.093495,2026-02-07 15:27:59.213219,180119,37,953805.212,4868.081081081081,25778.519236864857
general_knowledge,heuristic,off,1000,7,Expand on the AI regulation debate by adding a POV for AI regulation.,,orin,False,heuristic,0.92,complex pattern=long_form_generation,215.97,2026-02-07 15:27:59.213280,2026-02-07 15:30:59.437171,180223,37,957193.967,4870.891891891892,25870.10720881081
general_knowledge,heuristic,off,1000,8,Summarize everything we've discussed so far in one comprehensive report.,,orin,False,heuristic,0.92,complex pattern=long_form_generation,201.11,2026-02-07 15:30:59.437193,2026-02-07 15:33:59.646304,180209,37,958049.555,4870.513513513513,25893.231217081084
general_knowledge,heuristic,off,1000,9,"Using all the context above, predict the future of AI in the next 50 years.",,orin,False,heuristic,0.75,large context chars=2062,103.5,2026-02-07 15:33:59.646324,2026-02-07 15:36:59.761214,180114,37,960619.274,4867.945945945946,25962.683069108105
general_knowledge,heuristic,on,1000,0,List the top five most significant scientific discoveries in the last 50 years and explain their impact.,,nano,False,heuristic_fallback,0.489,no heuristic match -> tokens=22 threshold=1000,68.59,2026-02-07 15:41:19.239724,2026-02-07 15:42:24.021911,64782,69,326248.0,938.8695652173913,4728.231890057972
general_knowledge,heuristic,on,1000,1,Explain very simply what happened during the Industrial Revolution.,,nano,False,heuristic_fallback,0.449,no heuristic match -> tokens=102 threshold=1000,47.81,2026-02-07 15:42:24.021943,2026-02-07 15:44:03.492212,99470,67,511087.498,1484.6268656716418,7628.171610865672
general_knowledge,heuristic,on,1000,2,Briefly explain what artificial intelligence is.,,nano,False,heuristic_fallback,0.4095,no heuristic match -> tokens=181 threshold=1000,112.1,2026-02-07 15:44:03.492247,2026-02-07 15:45:44.994192,101501,68,516128.407,1492.6617647058824,7590.123629779412
general_knowledge,heuristic,on,1000,3,List 3 differences between Newtonian mechanics and general relativity.,,nano,False,heuristic,0.75,large context chars=813,66.34,2026-02-07 15:45:44.994348,2026-02-07 15:47:31.376571,106382,68,545385.286,1564.4411764705883,8020.3718585588285
general_knowledge,heuristic,on,1000,4,Explain the Big Bang theory in simple terms.,,nano,False,heuristic,0.75,large context chars=1057,79.83,2026-02-07 15:47:31.376601,2026-02-07 15:49:16.716571,105339,70,535908.0,1504.8428571428572,7655.828569114288
general_knowledge,heuristic,on,1000,5,Now go into more detail covering the formation of galaxies.,,nano,False,heuristic,0.75,large context chars=1277,86.74,2026-02-07 15:49:16.716588,2026-02-07 15:51:04.898296,108181,67,548655.659,1614.641791044776,8188.89043597015
general_knowledge,heuristic,on,1000,6,Generate a mock debate transcript for a scientist arguing against AI regulation.,,orin,False,heuristic,0.92,complex pattern=long_form_generation,211.29,2026-02-07 15:51:04.898346,2026-02-07 15:54:05.118084,180219,37,957701.646,4870.783783783784,25883.828267810823
general_knowledge,heuristic,on,1000,7,Expand on the AI regulation debate by adding a POV for AI regulation.,,orin,False,heuristic,0.92,complex pattern=long_form_generation,116.48,2026-02-07 15:54:05.118152,2026-02-07 15:57:05.245388,180127,37,960331.275,4868.2972972972975,25954.899324405396
general_knowledge,heuristic,on,1000,8,Summarize everything we've discussed so far in one comprehensive report.,,orin,False,heuristic,0.92,complex pattern=long_form_generation,70.2,2026-02-07 15:57:05.245422,2026-02-07 16:00:05.324785,180079,37,959865.859,4867.0,25942.320504270283
general_knowledge,heuristic,on,1000,9,"Using all the context above, predict the future of AI in the next 50 years.",,orin,False,heuristic,0.75,large context chars=2062,191.37,2026-02-07 16:00:05.324809,2026-02-07 16:03:05.523376,180198,37,959834.151,4870.216216216216,25941.463542864865
general_knowledge,semantic,off,1000,0,List the top five most significant scientific discoveries in the last 50 years and explain their impact.,,nano,False,semantic,0.4234,sim_nano=0.382 sim_orin=0.297 margin=0.085,46.85,2026-02-07 16:07:26.567495,2026-02-07 16:08:31.387477,64819,70,330048.25,925.9857142857143,4714.975000257142
general_knowledge,semantic,off,1000,1,Explain very simply what happened during the Industrial Revolution.,,nano,False,semantic,0.334,sim_nano=0.384 sim_orin=0.317 margin=0.067,48.55,2026-02-07 16:08:31.387531,2026-02-07 16:10:10.807777,99420,72,512770.912,1380.8333333333333,7121.8182166805545
general_knowledge,semantic,off,1000,2,Briefly explain what artificial intelligence is.,,nano,False,semantic_fallback_ambiguous,0.0107,"ambiguous margin=0.011 (n=0.44, o=0.43) -> tokens=179 threshold=1000",77.78,2026-02-07 16:10:10.807795,2026-02-07 16:11:50.793579,99985,66,506114.546,1514.9242424242425,7668.402214409093
general_knowledge,semantic,off,1000,3,List 3 differences between Newtonian mechanics and general relativity.,,nano,False,semantic,0.4227,sim_nano=0.375 sim_orin=0.290 margin=0.085,56.7,2026-02-07 16:11:50.793613,2026-02-07 16:13:37.070994,106277,69,546302.66,1540.2463768115942,7917.4298566811585
general_knowledge,semantic,off,1000,4,Explain the Big Bang theory in simple terms.,,nano,False,semantic,1.0,sim_nano=0.449 sim_orin=0.224 margin=0.225,56.83,2026-02-07 16:13:37.071020,2026-02-07 16:15:23.641847,106570,74,540753.729,1440.1351351351352,7307.482821391893
general_knowledge,semantic,off,1000,5,Now go into more detail covering the formation of galaxies.,,nano,False,semantic,0.2553,sim_nano=0.276 sim_orin=0.328 margin=0.051,82.02,2026-02-07 16:15:23.641907,2026-02-07 16:17:12.955632,109313,68,555478.447,1607.5441176470588,8168.8006855588255
general_knowledge,semantic,off,1000,6,Generate a mock debate transcript for a scientist arguing against AI regulation.,,orin,False,semantic,1.0,sim_nano=0.278 sim_orin=0.511 margin=0.234,201.02,2026-02-07 16:17:12.955677,2026-02-07 16:20:13.179693,180224,37,959568.173,4870.918918918919,25934.274951918906
general_knowledge,semantic,off,1000,7,Expand on the AI regulation debate by adding a POV for AI regulation.,,orin,False,semantic,1.0,sim_nano=0.218 sim_orin=0.424 margin=0.206,94.7,2026-02-07 16:20:13.179719,2026-02-07 16:23:13.285796,180106,37,956775.52,4867.72972972973,25858.797825
general_knowledge,semantic,off,1000,8,Summarize everything we've discussed so far in one comprehensive report.,,orin,False,semantic,0.9403,sim_nano=0.330 sim_orin=0.518 margin=0.188,209.75,2026-02-07 16:23:13.285892,2026-02-07 16:26:13.512797,180226,37,956132.911,4870.972972972973,25841.430029702697
general_knowledge,semantic,off,1000,9,"Using all the context above, predict the future of AI in the next 50 years.",,orin,False,semantic,0.9862,sim_nano=0.383 sim_orin=0.580 margin=0.197,227.37,2026-02-07 16:26:13.512911,2026-02-07 16:29:13.854994,180342,37,971983.688,4874.108108108108,26269.829408216217
general_knowledge,semantic,on,1000,0,List the top five most significant scientific discoveries in the last 50 years and explain their impact.,,nano,False,semantic,0.4234,sim_nano=0.382 sim_orin=0.297 margin=0.085,63.29,2026-02-07 16:33:33.474171,2026-02-07 16:34:38.279776,64805,70,329324.539,925.7857142857143,4704.636265142857
general_knowledge,semantic,on,1000,1,Explain very simply what happened during the Industrial Revolution.,,nano,False,semantic,0.334,sim_nano=0.384 sim_orin=0.317 margin=0.067,57.71,2026-02-07 16:34:38.279812,2026-02-07 16:36:17.467769,99187,72,505092.105,1377.5972222222222,7015.168119638885
general_knowledge,semantic,on,1000,2,Briefly explain what artificial intelligence is.,,nano,False,semantic_fallback_ambiguous,0.0107,"ambiguous margin=0.011 (n=0.44, o=0.43) -> tokens=179 threshold=1000",200.25,2026-02-07 16:36:17.467812,2026-02-07 16:37:57.439363,99971,66,504459.455,1514.7121212121212,7643.325070257577
general_knowledge,semantic,on,1000,3,List 3 differences between Newtonian mechanics and general relativity.,,nano,False,semantic,0.4227,sim_nano=0.375 sim_orin=0.290 margin=0.085,199.42,2026-02-07 16:37:57.439395,2026-02-07 16:39:43.888611,106449,69,547118.943,1542.7391304347825,7929.260045550728
general_knowledge,semantic,on,1000,4,Explain the Big Bang theory in simple terms.,,nano,False,semantic,1.0,sim_nano=0.449 sim_orin=0.224 margin=0.225,186.42,2026-02-07 16:39:43.888690,2026-02-07 16:41:30.156024,106267,74,539009.074,1436.0405405405406,7283.906402729728
general_knowledge,semantic,on,1000,5,Now go into more detail covering the formation of galaxies.,,nano,False,semantic,0.2553,sim_nano=0.276 sim_orin=0.328 margin=0.051,267.09,2026-02-07 16:41:30.156091,2026-02-07 16:43:19.615352,109459,68,556000.945,1609.6911764705883,8176.484485661764
general_knowledge,semantic,on,1000,6,Generate a mock debate transcript for a scientist arguing against AI regulation.,,orin,False,semantic,1.0,sim_nano=0.278 sim_orin=0.511 margin=0.234,231.72,2026-02-07 16:43:19.615457,2026-02-07 16:46:19.860811,180245,37,960204.275,4871.486486486487,25951.466895918926
general_knowledge,semantic,on,1000,7,Expand on the AI regulation debate by adding a POV for AI regulation.,,orin,False,semantic,1.0,sim_nano=0.218 sim_orin=0.424 margin=0.206,226.91,2026-02-07 16:46:19.860937,2026-02-07 16:49:20.107008,180246,37,957803.423,4871.513513513513,25886.57900813514
general_knowledge,semantic,on,1000,8,Summarize everything we've discussed so far in one comprehensive report.,,orin,False,semantic,0.9403,sim_nano=0.330 sim_orin=0.518 margin=0.188,209.01,2026-02-07 16:49:20.107023,2026-02-07 16:52:20.325935,180218,37,957863.003,4870.756756756757,25888.189268270282
general_knowledge,semantic,on,1000,9,"Using all the context above, predict the future of AI in the next 50 years.",,orin,False,semantic,0.9862,sim_nano=0.383 sim_orin=0.580 margin=0.197,207.72,2026-02-07 16:52:20.325971,2026-02-07 16:55:20.547962,180221,37,958732.065,4870.8378378378375,25911.677442405406
general_knowledge,hybrid,off,1000,0,List the top five most significant scientific discoveries in the last 50 years and explain their impact.,,nano,False,hybrid,1.0,nano_score=0.637 orin_score=0.000 | token:nano conf=0.98 w=0.35 | semantic:nano conf=0.42 w=0.35 | heuristic:nano conf=0.49 w=0.30,220.42,2026-02-07 16:59:39.998044,2026-02-07 17:00:31.316890,51318,63,256833.678,814.5714285714286,4076.725045396826
general_knowledge,hybrid,off,1000,1,Explain very simply what happened during the Industrial Revolution.,,nano,False,hybrid,1.0,nano_score=0.574 orin_score=0.000 | token:nano conf=0.91 w=0.35 | semantic:nano conf=0.33 w=0.35 | heuristic:nano conf=0.46 w=0.30,138.96,2026-02-07 17:00:31.316944,2026-02-07 17:02:01.613928,90296,72,458947.121,1254.111111111111,6374.265575180554
general_knowledge,hybrid,off,1000,2,Briefly explain what artificial intelligence is.,,nano,False,hybrid,1.0,nano_score=0.421 orin_score=0.000 | token:nano conf=0.83 w=0.35 | semantic:nano conf=0.01 w=0.35 | heuristic:nano conf=0.42 w=0.30,314.72,2026-02-07 17:02:01.614036,2026-02-07 17:03:42.449355,100835,65,516616.177,1551.3076923076924,7947.941192015383
general_knowledge,hybrid,off,1000,3,List 3 differences between Newtonian mechanics and general relativity.,,nano,False,hybrid,1.0,nano_score=0.525 orin_score=0.000 | token:nano conf=0.75 w=0.35 | semantic:nano conf=0.42 w=0.35 | heuristic:nano conf=0.38 w=0.30,190.26,2026-02-07 17:03:42.449434,2026-02-07 17:04:43.087946,60638,28,304733.029,2165.6428571428573,10883.322463178576
general_knowledge,hybrid,off,1000,4,Explain the Big Bang theory in simple terms.,,nano,False,hybrid,0.4572,nano_score=0.604 orin_score=0.225 | token:nano conf=0.73 w=0.35 | semantic:nano conf=1.00 w=0.35 | heuristic:orin conf=0.75 w=0.30,258.45,2026-02-07 17:04:43.087976,2026-02-07 17:05:57.658729,74570,69,380500.528,1080.7246376811595,5514.500407579708
general_knowledge,hybrid,off,1000,5,Now go into more detail covering the formation of galaxies.,,nano,False,hybrid,0.164,nano_score=0.226 orin_score=0.314 | token:nano conf=0.65 w=0.35 | semantic:orin conf=0.26 w=0.35 | heuristic:orin conf=0.75 w=0.30,196.5,2026-02-07 17:05:57.658770,2026-02-07 17:07:17.406315,79747,41,407660.987,1945.0487804878048,9942.950897439025
general_knowledge,hybrid,off,1000,6,Generate a mock debate transcript for a scientist arguing against AI regulation.,,nano,False,hybrid,0.5052,nano_score=0.206 orin_score=0.626 | token:nano conf=0.59 w=0.35 | semantic:orin conf=1.00 w=0.35 | heuristic:orin conf=0.92 w=0.30,78.04,2026-02-07 17:07:17.406337,2026-02-07 17:08:51.998848,94592,70,477683.322,1351.3142857142857,6824.047461271426
general_knowledge,hybrid,off,1000,7,Expand on the AI regulation debate by adding a POV for AI regulation.,,nano,False,hybrid,0.5624,nano_score=0.175 orin_score=0.626 | token:nano conf=0.50 w=0.35 | semantic:orin conf=1.00 w=0.35 | heuristic:orin conf=0.92 w=0.30,165.84,2026-02-07 17:08:51.998882,2026-02-07 17:10:43.959169,111960,67,571666.423,1671.044776119403,8532.334666477613
general_knowledge,hybrid,off,1000,8,Summarize everything we've discussed so far in one comprehensive report.,,orin,False,hybrid,0.6121,nano_score=0.146 orin_score=0.605 | token:nano conf=0.42 w=0.35 | semantic:orin conf=0.94 w=0.35 | heuristic:orin conf=0.92 w=0.30,227.8,2026-02-07 17:10:43.959284,2026-02-07 17:13:44.198641,180239,37,957745.679,4871.324324324324,25885.01836305406
general_knowledge,hybrid,off,1000,9,"Using all the context above, predict the future of AI in the next 50 years.",,orin,False,hybrid,0.6323,nano_score=0.128 orin_score=0.570 | token:nano conf=0.37 w=0.35 | semantic:orin conf=0.99 w=0.35 | heuristic:orin conf=0.75 w=0.30,147.68,2026-02-07 17:13:44.198691,2026-02-07 17:16:44.381929,180183,37,960092.767,4869.810810810811,25948.45317516216
general_knowledge,hybrid,on,1000,0,List the top five most significant scientific discoveries in the last 50 years and explain their impact.,,nano,False,hybrid,1.0,nano_score=0.637 orin_score=0.000 | token:nano conf=0.98 w=0.35 | semantic:nano conf=0.42 w=0.35 | heuristic:nano conf=0.49 w=0.30,222.34,2026-02-07 17:21:38.050887,2026-02-07 17:22:43.768943,65718,73,335080.67,900.2465753424658,4590.146161342467
general_knowledge,hybrid,on,1000,1,Explain very simply what happened during the Industrial Revolution.,,nano,False,hybrid,1.0,nano_score=0.566 orin_score=0.000 | token:nano conf=0.90 w=0.35 | semantic:nano conf=0.33 w=0.35 | heuristic:nano conf=0.45 w=0.30,195.6,2026-02-07 17:22:43.769008,2026-02-07 17:24:23.748682,99979,72,511991.177,1388.5972222222222,7110.988569847221
general_knowledge,hybrid,on,1000,2,Briefly explain what artificial intelligence is.,,nano,False,hybrid,1.0,nano_score=0.413 orin_score=0.000 | token:nano conf=0.82 w=0.35 | semantic:nano conf=0.01 w=0.35 | heuristic:nano conf=0.41 w=0.30,225.24,2026-02-07 17:24:23.748748,2026-02-07 17:26:05.230078,101481,68,517318.067,1492.3676470588234,7607.618631485294
general_knowledge,hybrid,on,1000,3,List 3 differences between Newtonian mechanics and general relativity.,,nano,False,hybrid,1.0,nano_score=0.516 orin_score=0.000 | token:nano conf=0.74 w=0.35 | semantic:nano conf=0.42 w=0.35 | heuristic:nano conf=0.37 w=0.30,59.79,2026-02-07 17:26:05.230116,2026-02-07 17:27:51.161336,105931,73,541482.423,1451.109589041096,7417.56743479452
general_knowledge,hybrid,on,1000,4,Explain the Big Bang theory in simple terms.,,nano,False,hybrid,0.4405,nano_score=0.579 orin_score=0.225 | token:nano conf=0.66 w=0.35 | semantic:nano conf=1.00 w=0.35 | heuristic:orin conf=0.75 w=0.30,174.09,2026-02-07 17:27:51.161416,2026-02-07 17:29:38.569702,107408,69,546861.962,1556.6376811594203,7925.535681304352
general_knowledge,hybrid,on,1000,5,Now go into more detail covering the formation of galaxies.,,nano,False,hybrid,0.2193,nano_score=0.201 orin_score=0.314 | token:nano conf=0.57 w=0.35 | semantic:orin conf=0.26 w=0.35 | heuristic:orin conf=0.75 w=0.30,226.18,2026-02-07 17:29:38.569731,2026-02-07 17:30:34.058926,55489,20,283576.275,2774.45,14178.813774650003
general_knowledge,hybrid,on,1000,6,Generate a mock debate transcript for a scientist arguing against AI regulation.,,nano,False,hybrid,0.5316,nano_score=0.191 orin_score=0.626 | token:nano conf=0.55 w=0.35 | semantic:orin conf=1.00 w=0.35 | heuristic:orin conf=0.92 w=0.30,70.89,2026-02-07 17:30:34.058998,2026-02-07 17:31:51.843845,77784,70,389688.476,1111.2,5566.9782311571435
general_knowledge,hybrid,on,1000,7,Expand on the AI regulation debate by adding a POV for AI regulation.,,orin,False,hybrid,0.5923,nano_score=0.160 orin_score=0.626 | token:nano conf=0.46 w=0.35 | semantic:orin conf=1.00 w=0.35 | heuristic:orin conf=0.92 w=0.30,258.21,2026-02-07 17:31:51.843874,2026-02-07 17:34:52.114813,180270,37,964617.181,4872.1621621621625,26070.734634783792
general_knowledge,hybrid,on,1000,8,Summarize everything we've discussed so far in one comprehensive report.,,orin,False,hybrid,0.6151,nano_score=0.144 orin_score=0.605 | token:nano conf=0.41 w=0.35 | semantic:orin conf=0.94 w=0.35 | heuristic:orin conf=0.92 w=0.30,200.47,2026-02-07 17:34:52.114905,2026-02-07 17:37:52.327314,180212,37,959098.365,4870.594594594595,25921.577430783775
general_knowledge,hybrid,on,1000,9,"Using all the context above, predict the future of AI in the next 50 years.",,orin,False,hybrid,0.6355,nano_score=0.127 orin_score=0.570 | token:nano conf=0.36 w=0.35 | semantic:orin conf=0.99 w=0.35 | heuristic:orin conf=0.75 w=0.30,273.99,2026-02-07 17:37:52.327421,2026-02-07 17:40:52.612277,180284,37,966209.252,4872.540540540541,26113.763568945953
general_knowledge,perf,off,1000,0,List the top five most significant scientific discoveries in the last 50 years and explain their impact.,,nano,False,perf,0.7,scores nano=758.03 orin=inf -> nano,52.15,2026-02-07 17:45:10.250756,2026-02-07 17:46:13.169335,62918,72,318266.487,873.8611111111111,4420.367876291666
general_knowledge,perf,off,1000,1,Explain very simply what happened during the Industrial Revolution.,,nano,False,perf,0.7,scores nano=815.58 orin=inf -> nano,50.49,2026-02-07 17:46:13.169380,2026-02-07 17:47:51.615681,98446,68,500861.559,1447.735294117647,7365.611163838235
general_knowledge,perf,off,1000,2,Briefly explain what artificial intelligence is.,,nano,False,perf,0.7,scores nano=1018.11 orin=inf -> nano,184.16,2026-02-07 17:47:51.615704,2026-02-07 17:49:31.181512,99565,70,509223.166,1422.357142857143,7274.616652871428
general_knowledge,perf,off,1000,3,List 3 differences between Newtonian mechanics and general relativity.,,nano,False,perf,0.7,scores nano=1117.80 orin=inf -> nano,105.88,2026-02-07 17:49:31.181561,2026-02-07 17:51:15.961886,104780,68,531442.497,1540.8823529411766,7815.330831220585
general_knowledge,perf,off,1000,4,Explain the Big Bang theory in simple terms.,,nano,False,perf,0.7,scores nano=1199.69 orin=inf -> nano,208.97,2026-02-07 17:51:15.961923,2026-02-07 17:52:58.899924,102938,66,523487.395,1559.6666666666667,7931.627191787876
general_knowledge,perf,off,1000,5,Now go into more detail covering the formation of galaxies.,,nano,False,perf,0.7,scores nano=1256.30 orin=inf -> nano,181.49,2026-02-07 17:52:58.899974,2026-02-07 17:54:45.536233,106636,71,541858.024,1501.9154929577464,7631.803154267607
general_knowledge,perf,off,1000,6,Generate a mock debate transcript for a scientist arguing against AI regulation.,,nano,False,perf,0.7,scores nano=1291.73 orin=inf -> nano,163.28,2026-02-07 17:54:45.536313,2026-02-07 17:57:45.715804,180179,31,931619.481,5812.225806451613,30052.241312193553
general_knowledge,perf,off,1000,7,Expand on the AI regulation debate by adding a POV for AI regulation.,,nano,False,perf,0.7,scores nano=1936.93 orin=inf -> nano,177.31,2026-02-07 17:57:45.715849,2026-02-07 18:00:45.904208,180188,31,930795.99,5812.5161290322585,30025.677081709688
general_knowledge,perf,off,1000,8,Summarize everything we've discussed so far in one comprehensive report.,,nano,False,perf,0.7,scores nano=2468.27 orin=inf -> nano,185.13,2026-02-07 18:00:45.904226,2026-02-07 18:03:46.085609,180181,31,932104.823,5812.290322580645,30067.897529
general_knowledge,perf,off,1000,9,"Using all the context above, predict the future of AI in the next 50 years.",,nano,False,perf,0.7,scores nano=2915.63 orin=inf -> nano,245.49,2026-02-07 18:03:46.085703,2026-02-07 18:06:46.369761,180284,31,931170.382,5815.612903225807,30037.754247612895
general_knowledge,perf,on,1000,0,List the top five most significant scientific discoveries in the last 50 years and explain their impact.,,nano,False,perf,0.7,scores nano=830.84 orin=inf -> nano,163.04,2026-02-07 18:11:05.448910,2026-02-07 18:12:10.327177,64878,68,329453.642,954.0882352941177,4844.906503191177
general_knowledge,perf,on,1000,1,Explain very simply what happened during the Industrial Revolution.,,nano,False,perf,0.7,scores nano=891.26 orin=inf -> nano,207.41,2026-02-07 18:12:10.327242,2026-02-07 18:13:48.972379,98645,66,506183.598,1494.621212121212,7669.448458484851
general_knowledge,perf,on,1000,2,Briefly explain what artificial intelligence is.,,nano,False,perf,0.7,scores nano=1087.36 orin=inf -> nano,215.49,2026-02-07 18:13:48.972446,2026-02-07 18:14:56.674615,67702,39,341700.677,1735.948717948718,8761.555821666665
general_knowledge,perf,on,1000,3,List 3 differences between Newtonian mechanics and general relativity.,,nano,False,perf,0.7,scores nano=1191.42 orin=inf -> nano,50.45,2026-02-07 18:14:56.674645,2026-02-07 18:16:20.012354,83337,68,427092.075,1225.5441176470588,6280.765814323529
general_knowledge,perf,on,1000,4,Explain the Big Bang theory in simple terms.,,nano,False,perf,0.7,scores nano=1198.77 orin=inf -> nano,188.65,2026-02-07 18:16:20.012443,2026-02-07 18:18:04.206428,104193,71,529173.008,1467.5070422535211,7453.140954647885
general_knowledge,perf,on,1000,5,Now go into more detail covering the formation of galaxies.,,nano,False,perf,0.7,scores nano=1248.48 orin=inf -> nano,172.85,2026-02-07 18:18:04.206466,2026-02-07 18:18:54.145047,49938,21,255020.563,2378.0,12143.836323285717
general_knowledge,perf,on,1000,6,Generate a mock debate transcript for a scientist arguing against AI regulation.,,nano,False,perf,0.7,scores nano=1307.20 orin=inf -> nano,174.07,2026-02-07 18:18:54.145086,2026-02-07 18:20:11.954525,77809,69,388230.334,1127.6666666666667,5626.526586768117
general_knowledge,perf,on,1000,7,Expand on the AI regulation debate by adding a POV for AI regulation.,,nano,False,perf,0.7,scores nano=1280.46 orin=inf -> nano,73.73,2026-02-07 18:20:11.954561,2026-02-07 18:22:04.555190,112600,68,577051.348,1655.8823529411766,8486.049235514707
general_knowledge,perf,on,1000,8,Summarize everything we've discussed so far in one comprehensive report.,,nano,False,perf,0.7,scores nano=1327.77 orin=inf -> nano,205.96,2026-02-07 18:22:04.555297,2026-02-07 18:25:04.757745,180202,31,931186.643,5812.967741935484,30038.278817741924
general_knowledge,perf,on,1000,9,"Using all the context above, predict the future of AI in the next 50 years.",,nano,False,perf,0.7,scores nano=1871.75 orin=inf -> nano,172.56,2026-02-07 18:25:04.757804,2026-02-07 18:28:04.942540,180184,31,931948.161,5812.387096774193,30062.843893161287
